{
    "blocks": [
        {
            "type": "header",
            "text": {
                "type": "plain_text",
                "text": "This is a header block",
                "emoji": true
            }
        },
        {
            "type": "divider"
        },
        {
            "type": "section",
            "text": {
                "type": "mrkdwn",
                "text": "This is a section block with a button."
            },
            "accessory": {
                "type": "button",
                "text": {
                    "type": "plain_text",
                    "text": "Click Me",
                    "emoji": true
                },
                "value": "click_me_123",
                "url": "https://google.com",
                "action_id": "button-action"
            }
        }
    ]
}
